,Date,OPEN,HIGH,LOW,PREV. CLOSE,close,Day,Week,Year,Order Type,Buy Quantity,Investment,Total Share,Total Investment,Average Price,Target,IRLower,IRUpper,Description,Prev week high - Buy price,Profit,Capital Employed,Profit Percentage,UPPER - Buy Triggered at IRUpper,LOWER - Buy Triggered at IRLower
0,2022-10-03,3440.0,3460.05,3110.2,3455.75,3157.3,Monday,40,2022,,,,,,,,,,,,,,,,
1,2022-10-04,3230.0,3291.2,3125.0,3157.3,3237.7,Tuesday,40,2022,,,,,,,,,,,,,,,,
2,2022-10-06,3270.0,3318.8,3208.05,3237.7,3285.0,Thursday,40,2022,,,,,,,,,,,,,,,,
3,2022-10-07,3280.0,3310.95,3228.15,3285.0,3277.6,Friday,40,2022,,,,,,,,,,,,,,,,
4,,,3460.05,3110.2,,,WEEKLY SUMMARY,40,2022,,,,,,,,,,,,,,,,
5,2022-10-10,3234.0,3278.75,3214.35,3277.6,3246.25,Monday,41,2022,NOTHING,,,,,,,,,,,,,,,
6,2022-10-11,3257.55,3338.0,3249.0,3246.25,3273.95,Tuesday,41,2022,NOTHING,,,,,,,,,,,,,,,
7,2022-10-12,3297.0,3297.0,3145.0,3273.95,3223.65,Wednesday,41,2022,NOTHING,,,,,,,,,,,,,,,
8,2022-10-13,3218.0,3262.8,3189.0,3223.65,3233.65,Thursday,41,2022,NOTHING,,,,,,,,,,,,,,,
9,2022-10-14,3272.0,3305.0,3194.85,3233.65,3209.5,Friday,41,2022,NOTHING,,,,,,,,,,,,,,,
10,,,3338.0,3145.0,,,WEEKLY SUMMARY,41,2022,,,,,,,,,,,,,,,,
11,2022-10-17,3211.0,3235.0,3136.1,3209.5,3212.6,Monday,42,2022,NOTHING,,,,,,,,,,,,,,,
12,2022-10-18,3249.0,3298.0,3226.1,3212.6,3284.3,Tuesday,42,2022,NOTHING,,,,,,,,,,,,,,,
13,2022-10-19,3300.0,3310.0,3259.65,3284.3,3277.25,Wednesday,42,2022,NOTHING,,,,,,,,,,,,,,,
14,2022-10-20,3260.0,3365.0,3245.0,3277.25,3357.1,Thursday,42,2022,BUY,1.0,3338.0,1.0,3338.0,3338.0,3538.28,3246.205,3429.795,Prev week high - Buy price,,,,,,
15,2022-10-21,3374.9,3382.0,3287.0,3357.1,3311.9,Friday,42,2022,NOTHING,,,,,,,,,One buy per week rule,,,,,,
16,,,3382.0,3136.1,,,WEEKLY SUMMARY,42,2022,,,,,,,,,,,,,,,,
17,2022-10-24,3325.0,3340.1,3287.4,3311.9,3309.8,Monday,43,2022,,,,,,,,,,,OUT_OF_RANGE,,,,,
18,2022-10-25,3321.95,3345.0,3294.0,3309.8,3300.5,Tuesday,43,2022,,,,,,,,,,,OUT_OF_RANGE,,,,,
19,2022-10-27,3319.85,3355.0,3297.0,3300.5,3325.0,Thursday,43,2022,,,,,,,,,,,OUT_OF_RANGE,,,,,
20,2022-10-28,3322.0,3387.95,3297.65,3325.0,3323.3,Friday,43,2022,,,,,,,,,,,OUT_OF_RANGE,,,,,
21,,,3387.95,3287.4,,,WEEKLY SUMMARY,43,2022,,,,,,,,,,,,,,,,
22,2022-10-31,3339.95,3360.0,3326.1,3323.3,3347.45,Monday,44,2022,,,,,,,,,,,OUT_OF_RANGE,,,,,
23,2022-11-01,3361.9,3607.45,3352.0,3347.45,3575.7,Tuesday,44,2022,SELL,,,0.0,0.0,,,,,"Sold 1 shares at 3538.28, Profit: 200.2800000000002",,200.2800000000002,3538.28,6.000000000000006,,
24,2022-11-02,3580.0,3625.15,3526.0,3575.7,3580.7,Wednesday,44,2022,NOTHING,,,,,,,,,,,,,,,
25,2022-11-03,3550.0,3614.7,3542.45,3580.7,3590.4,Thursday,44,2022,NOTHING,,,,,,,,,,,,,,,
26,2022-11-04,3642.0,3849.8,3566.75,3590.4,3833.25,Friday,44,2022,NOTHING,,,,,,,,,,,,,,,
27,,,3849.8,3326.1,,,WEEKLY SUMMARY,44,2022,,,,,,,,,,,,,,,,
28,2022-11-07,3852.45,4013.7,3820.0,3833.25,3960.6,Monday,45,2022,BUY,1.0,3849.8,1.0,3849.8,3849.8,4080.788,3743.931,3955.67,Prev week high - Buy price,,,,,,
29,2022-11-09,3977.0,4048.0,3943.05,3960.6,3997.2,Wednesday,45,2022,NOTHING,,,,,,,,,One buy per week rule,,,,,,
30,2022-11-10,3995.0,4030.0,3962.15,3997.2,3992.25,Thursday,45,2022,NOTHING,,,,,,,,,One buy per week rule,,,,,,
31,2022-11-11,4040.0,4048.95,3975.15,3992.25,4008.85,Friday,45,2022,NOTHING,,,,,,,,,One buy per week rule,,,,,,
32,,,4048.95,3820.0,,,WEEKLY SUMMARY,45,2022,,,,,,,,,,,,,,,,
33,2022-11-14,3999.0,4078.0,3990.0,4008.85,4022.55,Monday,46,2022,BUY,1.0,4048.95,2.0,7898.75,3949.375,4186.338,3840.767,4057.983,UPPER - Buy Triggered at IRUpper,,,,,,
34,2022-11-15,4025.05,4065.0,4022.0,4022.55,4057.8,Tuesday,46,2022,NOTHING,,,,,,,,,One buy per week rule,,,,,,
35,2022-11-16,4057.3,4096.0,3863.55,4057.8,3956.6,Wednesday,46,2022,NOTHING,,,,,,,,,One buy per week rule,,,,,,
36,2022-11-17,3970.0,4033.0,3900.0,3956.6,4018.15,Thursday,46,2022,NOTHING,,,,,,,,,One buy per week rule,,,,,,
37,2022-11-18,4028.35,4043.0,3984.0,4018.15,4019.8,Friday,46,2022,NOTHING,,,,,,,,,One buy per week rule,,,,,,
38,,,4096.0,3863.55,,,WEEKLY SUMMARY,46,2022,,,,,,,,,,,,,,,,
39,2022-11-21,4019.95,4019.95,3921.95,4019.8,4001.85,Monday,47,2022,,,,,,,,,,,,,,,OUT_OF_RANGE,
40,2022-11-22,4001.85,4056.0,3988.0,4001.85,4034.0,Tuesday,47,2022,,,,,,,,,,,,,,,OUT_OF_RANGE,
41,2022-11-23,4050.0,4061.85,3873.0,4034.0,3903.3,Wednesday,47,2022,BUY,1.0,4096.0,3.0,11994.75,3998.25,4238.145,3888.298,4108.202,UPPER - Buy Triggered at IRUpper,,,,,,
42,2022-11-24,3910.0,3935.0,3821.0,3903.3,3921.1,Thursday,47,2022,NOTHING,,,,,,,,,One buy per week rule,,,,,,
43,2022-11-25,3929.0,3949.9,3845.3,3921.1,3901.1,Friday,47,2022,NOTHING,,,,,,,,,One buy per week rule,,,,,,
44,,,4061.85,3821.0,,,WEEKLY SUMMARY,47,2022,,,,,,,,,,,,,,,,
45,2022-11-28,3899.4,3925.0,3871.4,3901.1,3886.15,Monday,48,2022,BUY,1.0,4061.85,4.0,16056.6,4014.15,4254.999,3903.761,4124.539,LOWER - Buy Triggered at IRLower,,,,,,
46,2022-11-29,3885.0,3915.0,3864.05,3886.15,3878.4,Tuesday,48,2022,NOTHING,,,,,,,,,One buy per week rule,,,,,,
47,2022-11-30,3897.8,3939.9,3867.0,3878.4,3917.9,Wednesday,48,2022,NOTHING,,,,,,,,,One buy per week rule,,,,,,
48,2022-12-01,3937.5,3944.95,3902.45,3917.9,3915.1,Thursday,48,2022,NOTHING,,,,,,,,,One buy per week rule,,,,,,
49,2022-12-02,3905.0,3963.8,3885.0,3915.1,3922.5,Friday,48,2022,NOTHING,,,,,,,,,One buy per week rule,,,,,,
50,,,3963.8,3864.05,,,WEEKLY SUMMARY,48,2022,,,,,,,,,,,,,,,,
51,2022-12-05,3928.9,3939.0,3810.05,3922.5,3930.4,Monday,49,2022,BUY,1.0,3963.8,5.0,20020.4,4004.08,4244.325,3893.968,4114.192,LOWER - Buy Triggered at IRLower,,,,,,
52,2022-12-06,3920.0,4057.0,3909.0,3930.4,4031.8,Tuesday,49,2022,NOTHING,,,,,,,,,One buy per week rule,,,,,,
53,2022-12-07,4031.0,4057.9,3984.55,4031.8,3999.3,Wednesday,49,2022,NOTHING,,,,,,,,,One buy per week rule,,,,,,
54,2022-12-08,4010.0,4045.0,4003.35,3999.3,4025.0,Thursday,49,2022,NOTHING,,,,,,,,,One buy per week rule,,,,,,
55,2022-12-09,4044.0,4094.0,3941.5,4025.0,3996.8,Friday,49,2022,NOTHING,,,,,,,,,One buy per week rule,,,,,,
56,,,4094.0,3810.05,,,WEEKLY SUMMARY,49,2022,,,,,,,,,,,,,,,,
57,2022-12-12,3997.0,4031.9,3968.75,3996.8,4016.7,Monday,50,2022,,,,,,,,,,,,,,,,OUT_OF_RANGE
58,2022-12-13,4027.8,4072.0,4011.6,4016.7,4060.2,Tuesday,50,2022,,,,,,,,,,,,,,,,OUT_OF_RANGE
59,2022-12-14,4076.0,4092.05,4040.0,4060.2,4055.8,Wednesday,50,2022,,,,,,,,,,,,,,,,OUT_OF_RANGE
60,2022-12-15,4055.8,4073.05,4025.0,4055.8,4043.75,Thursday,50,2022,,,,,,,,,,,,,,,,OUT_OF_RANGE
61,2022-12-16,4018.9,4047.9,3944.05,4043.75,3980.8,Friday,50,2022,,,,,,,,,,,,,,,,OUT_OF_RANGE
62,,,4092.05,3944.05,,,WEEKLY SUMMARY,50,2022,,,,,,,,,,,,,,,,
63,2022-12-19,3988.0,4104.0,3971.45,3980.8,4075.3,Monday,51,2022,,,,,,,,,,,,,,,,OUT_OF_RANGE
64,2022-12-20,4095.0,4172.0,4066.4,4075.3,4165.3,Tuesday,51,2022,BUY,1.0,4092.05,6.0,24112.45,4018.742,4259.866,3908.226,4129.257,UPPER - Buy Triggered at IRUpper,,,,,,
65,2022-12-21,4175.0,4190.0,3883.25,4165.3,3901.95,Wednesday,51,2022,NOTHING,,,,,,,,,One buy per week rule,,,,,,
66,2022-12-22,3948.0,3948.0,3817.05,3901.95,3868.55,Thursday,51,2022,NOTHING,,,,,,,,,One buy per week rule,,,,,,
67,2022-12-23,3822.0,3848.0,3616.8,3868.55,3642.2,Friday,51,2022,NOTHING,,,,,,,,,One buy per week rule,,,,,,
68,,,4190.0,3616.8,,,WEEKLY SUMMARY,51,2022,,,,,,,,,,,,,,,,
69,2022-12-26,3653.0,3744.9,3620.0,3642.2,3716.75,Monday,52,2022,BUY,1.0,4190.0,7.0,28302.45,4043.207,4285.8,3932.019,4154.395,LOWER - Buy Triggered at IRLower,,,,,,
70,2022-12-27,3732.45,3797.9,3695.05,3716.75,3769.65,Tuesday,52,2022,NOTHING,,,,,,,,,One buy per week rule,,,,,,
71,2022-12-28,3756.05,3825.0,3745.0,3769.65,3797.7,Wednesday,52,2022,NOTHING,,,,,,,,,One buy per week rule,,,,,,
72,2022-12-29,3790.0,3825.0,3748.1,3797.7,3810.6,Thursday,52,2022,NOTHING,,,,,,,,,One buy per week rule,,,,,,
73,2022-12-30,3829.7,3898.0,3822.05,3810.6,3858.35,Friday,52,2022,NOTHING,,,,,,,,,One buy per week rule,,,,,,
74,,,3898.0,3620.0,,,WEEKLY SUMMARY,52,2022,,,,,,,,,,,,,,,,
75,2023-01-02,3870.0,3874.0,3822.55,3858.35,3841.2,Monday,1,2023,,,,,,,,,,,,,,,,
76,2023-01-03,3841.9,3852.85,3791.0,3841.2,3830.95,Tuesday,1,2023,,,,,,,,,,,,,,,,
77,2023-01-04,3839.0,3874.95,3803.6,3830.95,3827.05,Wednesday,1,2023,,,,,,,,,,,,,,,,
78,2023-01-05,3827.05,3842.4,3756.9,3827.05,3829.8,Thursday,1,2023,,,,,,,,,,,,,,,,
79,2023-01-06,3829.0,3868.25,3797.05,3829.8,3824.25,Friday,1,2023,,,,,,,,,,,,,,,,
80,,,3874.95,3756.9,,,WEEKLY SUMMARY,1,2023,,,,,,,,,,,,,,,,
81,2023-01-09,3843.0,3880.0,3811.25,3824.25,3855.3,Monday,2,2023,BUY,1.0,3874.95,8.0,32177.4,4022.175,4263.506,3911.565,4132.785,LOWER - Buy Triggered at IRLower,,,,,,
82,2023-01-10,3859.0,3862.05,3555.0,3855.3,3646.9,Tuesday,2,2023,NOTHING,,,,,,,,,One buy per week rule,,,,,,
83,2023-01-11,3660.0,3664.5,3560.1,3646.9,3635.8,Wednesday,2,2023,NOTHING,,,,,,,,,One buy per week rule,,,,,,
84,2023-01-12,3642.5,3679.0,3612.0,3635.8,3647.2,Thursday,2,2023,NOTHING,,,,,,,,,One buy per week rule,,,,,,
85,2023-01-13,3651.2,3736.05,3642.2,3647.2,3721.15,Friday,2,2023,NOTHING,,,,,,,,,One buy per week rule,,,,,,
86,,,3880.0,3555.0,,,WEEKLY SUMMARY,2,2023,,,,,,,,,,,,,,,,
87,2023-01-16,3720.0,3739.95,3600.0,3721.15,3619.8,Monday,3,2023,BUY,1.0,3880.0,9.0,36057.4,4006.378,4246.76,3896.202,4116.553,LOWER - Buy Triggered at IRLower,,,,,,
88,2023-01-17,3620.0,3649.6,3560.2,3619.8,3639.35,Tuesday,3,2023,NOTHING,,,,,,,,,One buy per week rule,,,,,,
89,2023-01-18,3648.0,3648.0,3527.1,3639.35,3596.7,Wednesday,3,2023,NOTHING,,,,,,,,,One buy per week rule,,,,,,
90,2023-01-19,3470.0,3537.7,3426.7,3596.7,3463.55,Thursday,3,2023,NOTHING,,,,,,,,,One buy per week rule,,,,,,
91,2023-01-20,3450.0,3477.35,3440.95,3463.55,3456.15,Friday,3,2023,NOTHING,,,,,,,,,One buy per week rule,,,,,,
92,,,3739.95,3426.7,,,WEEKLY SUMMARY,3,2023,,,,,,,,,,,,,,,,
93,2023-01-23,3443.05,3460.0,3412.55,3456.15,3436.35,Monday,4,2023,BUY,1.0,3739.95,10.0,39797.35,3979.735,4218.519,3870.292,4089.178,LOWER - Buy Triggered at IRLower,,,,,,
94,2023-01-24,3447.45,3508.0,3430.0,3436.35,3442.0,Tuesday,4,2023,NOTHING,,,,,,,,,One buy per week rule,,,,,,
95,2023-01-25,3422.0,3428.0,3315.0,3442.0,3388.95,Wednesday,4,2023,NOTHING,,,,,,,,,One buy per week rule,,,,,,
96,2023-01-27,3335.0,3346.5,2712.0,3388.95,2761.45,Friday,4,2023,NOTHING,,,,,,,,,One buy per week rule,,,,,,
97,,,3508.0,2712.0,,,WEEKLY SUMMARY,4,2023,,,,,,,,,,,,,,,,
98,2023-01-30,2850.0,3037.55,2665.0,2761.45,2892.85,Monday,5,2023,BUY,1.0,3508.0,11.0,43305.35,3936.85,4173.061,3828.587,4045.113,LOWER - Buy Triggered at IRLower,,,,,,
99,2023-01-31,2980.0,3073.6,2906.0,2892.85,2973.9,Tuesday,5,2023,NOTHING,,,,,,,,,One buy per week rule,,,,,,
100,2023-02-01,2995.0,3010.75,1941.2,2973.9,2135.35,Wednesday,5,2023,NOTHING,,,,,,,,,One buy per week rule,,,,,,
101,2023-02-02,2348.85,2348.85,1494.75,2135.35,1565.25,Thursday,5,2023,NOTHING,,,,,,,,,One buy per week rule,,,,,,
102,2023-02-03,1490.0,1679.9,1017.45,1565.25,1586.8,Friday,5,2023,NOTHING,,,,,,,,,One buy per week rule,,,,,,
103,,,3073.6,1017.45,,,WEEKLY SUMMARY,5,2023,,,,,,,,,,,,,,,,
104,2023-02-06,1575.0,1615.0,1435.2,1586.8,1572.7,Monday,6,2023,BUY,1.0,3073.6,12.0,46378.95,3864.912,4096.807,3758.627,3971.198,LOWER - Buy Triggered at IRLower,,,,,,
105,2023-02-07,1571.0,1962.7,1525.6,1572.7,1802.95,Tuesday,6,2023,NOTHING,,,,,,,,,One buy per week rule,,,,,,
106,2023-02-08,1869.85,2222.15,1840.85,1802.95,2164.25,Wednesday,6,2023,NOTHING,,,,,,,,,One buy per week rule,,,,,,
107,2023-02-09,2168.0,2168.0,1731.4,2164.25,1925.7,Thursday,6,2023,NOTHING,,,,,,,,,One buy per week rule,,,,,,
108,2023-02-10,1769.0,1990.0,1733.15,1925.7,1846.95,Friday,6,2023,NOTHING,,,,,,,,,One buy per week rule,,,,,,
109,,,2222.15,1435.2,,,WEEKLY SUMMARY,6,2023,,,,,,,,,,,,,,,,
110,2023-02-13,1850.0,1921.7,1662.25,1846.95,1717.65,Monday,7,2023,BUY,2.0,4444.3,14.0,50823.25,3630.232,3848.046,3530.401,3730.064,LOWER - Buy Triggered at IRLower,,,,,,
111,2023-02-14,1735.0,1889.0,1611.35,1717.65,1749.7,Tuesday,7,2023,NOTHING,,,,,,,,,One buy per week rule,,,,,,
112,2023-02-15,1780.0,1824.4,1750.0,1749.7,1779.1,Wednesday,7,2023,NOTHING,,,,,,,,,One buy per week rule,,,,,,
113,2023-02-16,1820.0,1874.95,1790.0,1779.1,1796.6,Thursday,7,2023,NOTHING,,,,,,,,,One buy per week rule,,,,,,
114,2023-02-17,1800.0,1815.85,1703.2,1796.6,1722.7,Friday,7,2023,NOTHING,,,,,,,,,One buy per week rule,,,,,,
115,,,1921.7,1611.35,,,WEEKLY SUMMARY,7,2023,,,,,,,,,,,,,,,,
116,2023-02-20,1650.0,1685.0,1560.5,1722.7,1621.45,Monday,8,2023,BUY,2.0,3843.4,16.0,54666.65,3416.666,3621.666,3322.707,3510.624,LOWER - Buy Triggered at IRLower,,,,,,
117,2023-02-21,1626.0,1644.45,1561.3,1621.45,1571.1,Tuesday,8,2023,NOTHING,,,,,,,,,One buy per week rule,,,,,,
118,2023-02-22,1535.0,1560.0,1381.2,1571.1,1404.85,Wednesday,8,2023,NOTHING,,,,,,,,,One buy per week rule,,,,,,
119,2023-02-23,1380.0,1438.0,1350.0,1404.85,1382.65,Thursday,8,2023,NOTHING,,,,,,,,,One buy per week rule,,,,,,
120,2023-02-24,1410.0,1427.0,1261.6,1382.65,1315.65,Friday,8,2023,NOTHING,,,,,,,,,One buy per week rule,,,,,,
121,,,1685.0,1261.6,,,WEEKLY SUMMARY,8,2023,,,,,,,,,,,,,,,,
122,2023-02-27,1300.0,1313.8,1131.05,1315.65,1193.5,Monday,9,2023,BUY,2.0,3370.0,18.0,58036.65,3224.258,3417.714,3135.591,3312.925,LOWER - Buy Triggered at IRLower,,,,,,
123,2023-02-28,1145.0,1398.0,1103.75,1193.5,1363.85,Tuesday,9,2023,NOTHING,,,,,,,,,One buy per week rule,,,,,,
124,2023-03-01,1424.0,1580.0,1411.0,1363.85,1564.3,Wednesday,9,2023,NOTHING,,,,,,,,,One buy per week rule,,,,,,
125,2023-03-02,1499.9,1646.0,1407.9,1564.3,1607.25,Thursday,9,2023,NOTHING,,,,,,,,,One buy per week rule,,,,,,
126,2023-03-03,1688.85,1905.95,1685.5,1607.25,1879.5,Friday,9,2023,NOTHING,,,,,,,,,One buy per week rule,,,,,,
127,,,1905.95,1103.75,,,WEEKLY SUMMARY,9,2023,,,,,,,,,,,,,,,,
128,2023-03-06,1966.7,2135.0,1855.0,1879.5,1982.9,Monday,10,2023,BUY,2.0,3811.9,20.0,61848.55,3092.428,3277.973,3007.386,3177.469,LOWER - Buy Triggered at IRLower,,,,,,
129,2023-03-08,2040.0,2088.0,1941.0,1982.9,2039.65,Wednesday,10,2023,NOTHING,,,,,,,,,One buy per week rule,,,,,,
130,2023-03-09,2049.8,2068.85,1905.35,2039.65,1953.15,Thursday,10,2023,NOTHING,,,,,,,,,One buy per week rule,,,,,,
131,2023-03-10,1870.0,1940.0,1820.6,1953.15,1896.2,Friday,10,2023,NOTHING,,,,,,,,,One buy per week rule,,,,,,
132,,,2135.0,1820.6,,,WEEKLY SUMMARY,10,2023,,,,,,,,,,,,,,,,
133,2023-03-13,1917.0,1985.0,1857.4,1896.2,1874.4,Monday,11,2023,BUY,2.0,4270.0,22.0,66118.55,3005.389,3185.712,2922.74,3088.037,LOWER - Buy Triggered at IRLower,,,,,,
134,2023-03-14,1874.0,1874.85,1651.35,1874.4,1738.2,Tuesday,11,2023,NOTHING,,,,,,,,,One buy per week rule,,,,,,
135,2023-03-15,1760.9,1891.45,1728.1,1738.2,1839.0,Wednesday,11,2023,NOTHING,,,,,,,,,One buy per week rule,,,,,,
136,2023-03-16,1861.0,1875.0,1795.0,1839.0,1843.8,Thursday,11,2023,NOTHING,,,,,,,,,One buy per week rule,,,,,,
137,2023-03-17,1901.0,1918.85,1845.0,1843.8,1876.55,Friday,11,2023,NOTHING,,,,,,,,,One buy per week rule,,,,,,
138,,,1985.0,1651.35,,,WEEKLY SUMMARY,11,2023,,,,,,,,,,,,,,,,
139,2023-03-20,1837.0,1849.95,1777.4,1876.55,1804.95,Monday,12,2023,BUY,2.0,3970.0,24.0,70088.55,2920.356,3095.578,2840.046,3000.666,LOWER - Buy Triggered at IRLower,,,,,,
140,2023-03-21,1836.95,1861.0,1804.95,1804.95,1824.25,Tuesday,12,2023,NOTHING,,,,,,,,,One buy per week rule,,,,,,
141,2023-03-22,1834.0,1850.0,1806.15,1824.25,1815.4,Wednesday,12,2023,NOTHING,,,,,,,,,One buy per week rule,,,,,,
142,2023-03-23,1794.0,1834.0,1780.0,1815.4,1794.0,Thursday,12,2023,NOTHING,,,,,,,,,One buy per week rule,,,,,,
143,2023-03-24,1796.0,1823.0,1695.25,1794.0,1740.65,Friday,12,2023,NOTHING,,,,,,,,,One buy per week rule,,,,,,
144,,,1861.0,1695.25,,,WEEKLY SUMMARY,12,2023,,,,,,,,,,,,,,,,
145,2023-03-27,1740.65,1757.4,1682.0,1740.65,1723.05,Monday,13,2023,BUY,2.0,3722.0,26.0,73810.55,2838.867,3009.199,2760.798,2916.936,LOWER - Buy Triggered at IRLower,,,,,,
146,2023-03-28,1727.95,1733.0,1573.0,1723.05,1600.85,Tuesday,13,2023,NOTHING,,,,,,,,,One buy per week rule,,,,,,
147,2023-03-29,1602.95,1756.0,1591.1,1600.85,1740.4,Wednesday,13,2023,NOTHING,,,,,,,,,One buy per week rule,,,,,,
148,2023-03-31,1788.0,1825.0,1740.0,1740.4,1750.45,Friday,13,2023,NOTHING,,,,,,,,,One buy per week rule,,,,,,
149,,,1825.0,1573.0,,,WEEKLY SUMMARY,13,2023,,,,,,,,,,,,,,,,
150,2023-04-03,1750.45,1754.95,1695.5,1750.45,1717.45,Monday,14,2023,BUY,2.0,3650.0,28.0,77460.55,2766.448,2932.435,2690.371,2842.526,LOWER - Buy Triggered at IRLower,,,,,,
151,2023-04-05,1717.45,1737.95,1671.55,1717.45,1698.0,Wednesday,14,2023,NOTHING,,,,,,,,,One buy per week rule,,,,,,
152,2023-04-06,1705.0,1793.65,1688.15,1698.0,1754.05,Thursday,14,2023,NOTHING,,,,,,,,,One buy per week rule,,,,,,
153,,,1793.65,1671.55,,,WEEKLY SUMMARY,14,2023,,,,,,,,,,,,,,,,
154,2023-04-10,1774.0,1812.7,1760.6,1754.05,1797.25,Monday,15,2023,BUY,2.0,3587.3,30.0,81047.85,2701.595,2863.691,2627.301,2775.889,LOWER - Buy Triggered at IRLower,,,,,,
155,2023-04-11,1810.0,1829.0,1792.85,1797.25,1803.15,Tuesday,15,2023,NOTHING,,,,,,,,,One buy per week rule,,,,,,
156,2023-04-12,1814.0,1858.75,1797.05,1803.15,1847.25,Wednesday,15,2023,NOTHING,,,,,,,,,One buy per week rule,,,,,,
157,2023-04-13,1855.0,1885.0,1826.05,1847.25,1870.75,Thursday,15,2023,NOTHING,,,,,,,,,One buy per week rule,,,,,,
158,,,1885.0,1760.6,,,WEEKLY SUMMARY,15,2023,,,,,,,,,,,,,,,,
159,2023-04-17,1870.75,1904.9,1847.0,1870.75,1878.75,Monday,16,2023,BUY,2.0,3770.0,32.0,84817.85,2650.558,2809.591,2577.667,2723.448,LOWER - Buy Triggered at IRLower,,,,,,
160,2023-04-18,1892.0,1902.75,1830.0,1878.75,1850.95,Tuesday,16,2023,NOTHING,,,,,,,,,One buy per week rule,,,,,,
161,2023-04-19,1847.0,1877.7,1835.0,1850.95,1853.85,Wednesday,16,2023,NOTHING,,,,,,,,,One buy per week rule,,,,,,
162,2023-04-20,1855.0,1878.9,1836.85,1853.85,1842.9,Thursday,16,2023,NOTHING,,,,,,,,,One buy per week rule,,,,,,
163,2023-04-21,1846.0,1853.25,1796.05,1842.9,1803.0,Friday,16,2023,NOTHING,,,,,,,,,One buy per week rule,,,,,,
164,,,1904.9,1796.05,,,WEEKLY SUMMARY,16,2023,,,,,,,,,,,,,,,,
165,2023-04-24,1804.0,1817.4,1775.8,1803.0,1801.95,Monday,17,2023,BUY,2.0,3809.8,34.0,88627.65,2606.696,2763.097,2535.011,2678.38,LOWER - Buy Triggered at IRLower,,,,,,
166,2023-04-25,1806.0,1913.75,1801.8,1801.95,1844.6,Tuesday,17,2023,NOTHING,,,,,,,,,One buy per week rule,,,,,,
167,2023-04-26,1854.0,1874.0,1826.4,1844.6,1847.9,Wednesday,17,2023,NOTHING,,,,,,,,,One buy per week rule,,,,,,
168,2023-04-27,1848.0,1864.95,1832.55,1847.9,1853.05,Thursday,17,2023,NOTHING,,,,,,,,,One buy per week rule,,,,,,
169,2023-04-28,1868.05,1944.0,1857.15,1853.05,1924.95,Friday,17,2023,NOTHING,,,,,,,,,One buy per week rule,,,,,,
170,,,1944.0,1775.8,,,WEEKLY SUMMARY,17,2023,,,,,,,,,,,,,,,,
171,2023-05-02,1935.0,1966.0,1908.0,1924.95,1919.85,Tuesday,18,2023,BUY,2.0,3888.0,36.0,92515.65,2569.879,2724.072,2499.207,2640.551,LOWER - Buy Triggered at IRLower,,,,,,
172,2023-05-03,1919.0,1940.0,1785.35,1919.85,1839.0,Wednesday,18,2023,NOTHING,,,,,,,,,One buy per week rule,,,,,,
173,2023-05-04,1839.05,1935.0,1839.05,1839.0,1911.25,Thursday,18,2023,NOTHING,,,,,,,,,One buy per week rule,,,,,,
174,2023-05-05,1954.8,1955.0,1903.15,1911.25,1920.3,Friday,18,2023,NOTHING,,,,,,,,,One buy per week rule,,,,,,
175,,,1966.0,1785.35,,,WEEKLY SUMMARY,18,2023,,,,,,,,,,,,,,,,
176,2023-05-08,1920.3,1926.9,1876.0,1920.3,1887.5,Monday,19,2023,BUY,2.0,3932.0,38.0,96447.65,2538.096,2690.382,2468.298,2607.894,LOWER - Buy Triggered at IRLower,,,,,,
177,2023-05-09,1900.0,1930.0,1889.1,1887.5,1896.1,Tuesday,19,2023,NOTHING,,,,,,,,,One buy per week rule,,,,,,
178,2023-05-10,1899.0,1914.9,1883.95,1896.1,1892.15,Wednesday,19,2023,NOTHING,,,,,,,,,One buy per week rule,,,,,,
179,2023-05-11,1925.0,2013.75,1910.0,1892.15,1984.65,Thursday,19,2023,NOTHING,,,,,,,,,One buy per week rule,,,,,,
180,2023-05-12,2009.0,2010.0,1946.55,1984.65,1964.7,Friday,19,2023,NOTHING,,,,,,,,,One buy per week rule,,,,,,
181,,,2013.75,1876.0,,,WEEKLY SUMMARY,19,2023,,,,,,,,,,,,,,,,
182,2023-05-15,1959.9,1964.7,1880.0,1964.7,1916.05,Monday,20,2023,BUY,2.0,4027.5,40.0,100475.15,2511.879,2662.591,2442.802,2580.955,LOWER - Buy Triggered at IRLower,,,,,,
183,2023-05-16,1927.0,1935.0,1881.0,1916.05,1889.15,Tuesday,20,2023,NOTHING,,,,,,,,,One buy per week rule,,,,,,
184,2023-05-17,1900.0,1919.95,1857.75,1889.15,1899.5,Wednesday,20,2023,NOTHING,,,,,,,,,One buy per week rule,,,,,,
185,2023-05-18,1910.05,1924.0,1877.2,1899.5,1890.0,Thursday,20,2023,NOTHING,,,,,,,,,One buy per week rule,,,,,,
186,2023-05-19,1888.0,1983.0,1872.1,1890.0,1956.05,Friday,20,2023,NOTHING,,,,,,,,,One buy per week rule,,,,,,
187,,,1983.0,1857.75,,,WEEKLY SUMMARY,20,2023,,,,,,,,,,,,,,,,
188,2023-05-22,2010.0,2347.0,1983.4,1956.05,2326.1,Monday,21,2023,BUY,2.0,3966.0,42.0,104441.15,2486.694,2635.896,2418.31,2555.078,LOWER - Buy Triggered at IRLower,,,,,,
189,2023-05-23,2410.9,2759.45,2400.0,2326.1,2633.7,Tuesday,21,2023,SELL,,,0.0,0.0,,,,,"Sold 42 shares at 2635.895690476191, Profit: 6266.468999999998",,6266.468999999998,110707.619,5.999999999999997,,
190,2023-05-24,2709.0,2750.0,2425.35,2633.7,2475.6,Wednesday,21,2023,NOTHING,,,,,,,,,One buy per week rule,,,,,,
191,2023-05-25,2440.0,2558.8,2386.65,2475.6,2537.45,Thursday,21,2023,NOTHING,,,,,,,,,One buy per week rule,,,,,,
192,2023-05-26,2565.0,2599.95,2535.15,2537.45,2544.35,Friday,21,2023,NOTHING,,,,,,,,,One buy per week rule,,,,,,
193,,,2759.45,1983.4,,,WEEKLY SUMMARY,21,2023,,,,,,,,,,,,,,,,
194,2023-05-29,2570.0,2583.5,2523.0,2544.35,2534.05,Monday,22,2023,NOTHING,,,,,,,,,,,,,,,
195,2023-05-30,2529.3,2554.15,2475.15,2534.05,2496.45,Tuesday,22,2023,NOTHING,,,,,,,,,,,,,,,
196,2023-05-31,2482.0,2573.0,2428.0,2496.45,2493.35,Wednesday,22,2023,NOTHING,,,,,,,,,,,,,,,
197,2023-06-01,2499.9,2560.0,2485.3,2493.35,2492.15,Thursday,22,2023,NOTHING,,,,,,,,,,,,,,,
198,2023-06-02,2535.0,2538.9,2425.0,2492.15,2445.05,Friday,22,2023,NOTHING,,,,,,,,,,,,,,,
199,,,2583.5,2425.0,,,WEEKLY SUMMARY,22,2023,,,,,,,,,,,,,,,,
200,2023-06-05,2463.2,2514.0,2428.0,2445.05,2433.95,Monday,23,2023,NOTHING,,,,,,,,,,,,,,,
201,2023-06-06,2475.0,2506.95,2425.9,2433.95,2433.65,Tuesday,23,2023,NOTHING,,,,,,,,,,,,,,,
202,2023-06-07,2453.0,2466.95,2435.0,2433.65,2439.55,Wednesday,23,2023,NOTHING,,,,,,,,,,,,,,,
203,2023-06-08,2450.0,2475.9,2369.05,2439.55,2429.15,Thursday,23,2023,NOTHING,,,,,,,,,,,,,,,
204,2023-06-09,2447.95,2458.9,2428.0,2429.15,2451.15,Friday,23,2023,NOTHING,,,,,,,,,,,,,,,
205,,,2514.0,2369.05,,,WEEKLY SUMMARY,23,2023,,,,,,,,,,,,,,,,
206,2023-06-12,2460.0,2505.0,2432.6,2451.15,2484.8,Monday,24,2023,NOTHING,,,,,,,,,,,,,,,
207,2023-06-13,2499.0,2505.0,2442.2,2484.8,2462.55,Tuesday,24,2023,NOTHING,,,,,,,,,,,,,,,
208,2023-06-14,2469.9,2484.8,2452.35,2462.55,2457.15,Wednesday,24,2023,NOTHING,,,,,,,,,,,,,,,
209,2023-06-15,2469.0,2527.0,2462.9,2457.15,2485.65,Thursday,24,2023,BUY,1.0,2514.0,1.0,2514.0,2514.0,2664.84,2444.865,2583.135,Prev week high - Buy price,,,,,,
210,2023-06-16,2499.2,2526.9,2487.4,2485.65,2509.6,Friday,24,2023,NOTHING,,,,,,,,,One buy per week rule,,,,,,
211,,,2527.0,2432.6,,,WEEKLY SUMMARY,24,2023,,,,,,,,,,,,,,,,
212,2023-06-19,2504.0,2521.6,2350.0,2509.6,2401.4,Monday,25,2023,BUY,1.0,2527.0,2.0,5041.0,2520.5,2671.73,2451.186,2589.814,LOWER - Buy Triggered at IRLower,,,,,,
213,2023-06-20,2435.0,2435.0,2390.0,2401.4,2414.8,Tuesday,25,2023,NOTHING,,,,,,,,,One buy per week rule,,,,,,
214,2023-06-21,2426.7,2440.0,2393.1,2414.8,2405.95,Wednesday,25,2023,NOTHING,,,,,,,,,One buy per week rule,,,,,,
215,2023-06-22,2425.1,2449.95,2360.0,2405.95,2397.25,Thursday,25,2023,NOTHING,,,,,,,,,One buy per week rule,,,,,,
216,2023-06-23,2392.3,2392.3,2163.3,2397.25,2233.55,Friday,25,2023,NOTHING,,,,,,,,,One buy per week rule,,,,,,
217,,,2521.6,2163.3,,,WEEKLY SUMMARY,25,2023,,,,,,,,,,,,,,,,
218,2023-06-26,2210.05,2336.45,2173.05,2233.55,2295.6,Monday,26,2023,BUY,1.0,2521.6,3.0,7562.6,2520.867,2672.119,2451.543,2590.19,LOWER - Buy Triggered at IRLower,,,,,,
219,2023-06-27,2328.95,2343.85,2271.0,2295.6,2284.45,Tuesday,26,2023,NOTHING,,,,,,,,,One buy per week rule,,,,,,
220,2023-06-28,2300.0,2418.6,2293.85,2284.45,2402.0,Wednesday,26,2023,NOTHING,,,,,,,,,One buy per week rule,,,,,,
221,2023-06-30,2437.95,2437.95,2350.0,2402.0,2388.05,Friday,26,2023,NOTHING,,,,,,,,,One buy per week rule,,,,,,
222,,,2437.95,2173.05,,,WEEKLY SUMMARY,26,2023,,,,,,,,,,,,,,,,
223,2023-07-03,2405.0,2417.85,2373.2,2388.05,2385.5,Monday,27,2023,BUY,2.0,4875.9,5.0,12438.5,2487.7,2636.962,2419.288,2556.112,LOWER - Buy Triggered at IRLower,,,,,,
224,2023-07-04,2397.0,2414.0,2373.05,2385.5,2387.7,Tuesday,27,2023,NOTHING,,,,,,,,,One buy per week rule,,,,,,
225,2023-07-05,2391.0,2412.05,2374.0,2387.7,2399.15,Wednesday,27,2023,NOTHING,,,,,,,,,One buy per week rule,,,,,,
226,2023-07-06,2399.15,2427.6,2390.0,2399.15,2402.9,Thursday,27,2023,NOTHING,,,,,,,,,One buy per week rule,,,,,,
227,2023-07-07,2395.0,2409.95,2368.1,2402.9,2379.6,Friday,27,2023,NOTHING,,,,,,,,,One buy per week rule,,,,,,
228,,,2427.6,2368.1,,,WEEKLY SUMMARY,27,2023,,,,,,,,,,,,,,,,
229,2023-07-10,2392.8,2462.7,2355.0,2379.6,2410.25,Monday,28,2023,BUY,2.0,4855.2,7.0,17293.7,2470.529,2618.76,2402.589,2538.468,LOWER - Buy Triggered at IRLower,,,,,,
230,2023-07-11,2423.75,2444.95,2388.0,2410.25,2422.9,Tuesday,28,2023,NOTHING,,,,,,,,,One buy per week rule,,,,,,
231,2023-07-12,2429.9,2432.0,2380.45,2422.9,2387.9,Wednesday,28,2023,NOTHING,,,,,,,,,One buy per week rule,,,,,,
232,2023-07-13,2397.0,2405.7,2355.55,2387.9,2362.05,Thursday,28,2023,NOTHING,,,,,,,,,One buy per week rule,,,,,,
233,2023-07-14,2375.0,2385.0,2340.0,2362.05,2376.1,Friday,28,2023,NOTHING,,,,,,,,,One buy per week rule,,,,,,
234,,,2462.7,2340.0,,,WEEKLY SUMMARY,28,2023,,,,,,,,,,,,,,,,
235,2023-07-17,2399.9,2459.5,2391.3,2376.1,2408.55,Monday,29,2023,BUY,2.0,4925.4,9.0,22219.1,2468.789,2616.916,2400.897,2536.681,LOWER - Buy Triggered at IRLower,,,,,,
236,2023-07-18,2415.0,2510.0,2405.2,2408.55,2416.9,Tuesday,29,2023,NOTHING,,,,,,,,,One buy per week rule,,,,,,
237,2023-07-19,2428.65,2443.0,2416.9,2416.9,2423.75,Wednesday,29,2023,NOTHING,,,,,,,,,One buy per week rule,,,,,,
238,2023-07-20,2428.95,2433.9,2400.0,2423.75,2419.75,Thursday,29,2023,NOTHING,,,,,,,,,One buy per week rule,,,,,,
239,2023-07-21,2410.0,2457.85,2395.3,2419.75,2416.3,Friday,29,2023,NOTHING,,,,,,,,,One buy per week rule,,,,,,
240,,,2510.0,2391.3,,,WEEKLY SUMMARY,29,2023,,,,,,,,,,,,,,,,
241,2023-07-24,2430.0,2439.4,2412.05,2416.3,2418.2,Monday,30,2023,,,,,,,,,,,,,,,,OUT_OF_RANGE
242,2023-07-25,2428.0,2479.0,2416.0,2418.2,2466.65,Tuesday,30,2023,,,,,,,,,,,,,,,,OUT_OF_RANGE
243,2023-07-26,2472.45,2506.0,2446.0,2466.65,2470.75,Wednesday,30,2023,,,,,,,,,,,,,,,,OUT_OF_RANGE
244,2023-07-27,2470.75,2485.0,2415.0,2470.75,2428.4,Thursday,30,2023,,,,,,,,,,,,,,,,OUT_OF_RANGE
245,2023-07-28,2437.0,2481.65,2431.1,2428.4,2463.2,Friday,30,2023,,,,,,,,,,,,,,,,OUT_OF_RANGE
246,,,2506.0,2412.05,,,WEEKLY SUMMARY,30,2023,,,,,,,,,,,,,,,,
247,2023-07-31,2477.0,2518.0,2467.0,2463.2,2492.2,Monday,31,2023,,,,,,,,,,,,,,,,OUT_OF_RANGE
248,2023-08-01,2504.85,2514.0,2455.25,2492.2,2481.1,Tuesday,31,2023,,,,,,,,,,,,,,,,OUT_OF_RANGE
249,2023-08-02,2493.0,2514.0,2451.0,2481.1,2473.55,Wednesday,31,2023,,,,,,,,,,,,,,,,OUT_OF_RANGE
250,2023-08-03,2469.9,2550.0,2462.0,2473.55,2532.6,Thursday,31,2023,BUY,1.0,2506.0,10.0,24725.1,2472.51,2620.861,2404.516,2540.504,UPPER - Buy Triggered at IRUpper,,,,,,
251,2023-08-04,2545.3,2557.9,2502.0,2532.6,2541.8,Friday,31,2023,NOTHING,,,,,,,,,One buy per week rule,,,,,,
252,,,2557.9,2451.0,,,WEEKLY SUMMARY,31,2023,,,,,,,,,,,,,,,,
253,2023-08-07,2550.95,2569.0,2516.4,2541.8,2550.5,Monday,32,2023,BUY,1.0,2557.9,11.0,27283.0,2480.273,2629.089,2412.065,2548.48,UPPER - Buy Triggered at IRUpper,,,,,,
254,2023-08-08,2563.25,2563.25,2461.3,2550.5,2474.55,Tuesday,32,2023,NOTHING,,,,,,,,,One buy per week rule,,,,,,
255,2023-08-09,2488.35,2516.9,2472.0,2474.55,2507.1,Wednesday,32,2023,NOTHING,,,,,,,,,One buy per week rule,,,,,,
256,2023-08-10,2510.0,2577.5,2510.0,2507.1,2552.4,Thursday,32,2023,NOTHING,,,,,,,,,One buy per week rule,,,,,,
257,2023-08-11,2550.05,2568.15,2518.2,2552.4,2539.5,Friday,32,2023,NOTHING,,,,,,,,,One buy per week rule,,,,,,
258,,,2577.5,2461.3,,,WEEKLY SUMMARY,32,2023,,,,,,,,,,,,,,,,
259,2023-08-14,2480.0,2484.95,2400.05,2539.5,2456.0,Monday,33,2023,BUY,1.0,2577.5,12.0,29860.5,2488.375,2637.678,2419.945,2556.805,LOWER - Buy Triggered at IRLower,,,,,,
260,2023-08-16,2450.0,2465.0,2420.0,2456.0,2445.1,Wednesday,33,2023,NOTHING,,,,,,,,,One buy per week rule,,,,,,
261,2023-08-17,2454.95,2487.2,2442.05,2445.1,2479.7,Thursday,33,2023,NOTHING,,,,,,,,,One buy per week rule,,,,,,
262,2023-08-18,2477.5,2665.95,2461.3,2479.7,2577.4,Friday,33,2023,SELL,,,0.0,0.0,,,,,"Sold 12 shares at 2637.6775000000002, Profit: 1791.6300000000028",,1791.6300000000028,31652.130000000005,6.00000000000001,,
263,,,2665.95,2400.05,,,WEEKLY SUMMARY,33,2023,,,,,,,,,,,,,,,,
264,2023-08-21,2588.0,2655.0,2580.5,2577.4,2639.75,Monday,34,2023,NOTHING,,,,,,,,,,,,,,,
265,2023-08-22,2668.85,2721.0,2654.1,2639.75,2698.05,Tuesday,34,2023,BUY,1.0,2665.95,1.0,2665.95,2665.95,2825.907,2592.636,2739.264,Prev week high - Buy price,,,,,,
266,2023-08-23,2720.0,2722.4,2488.85,2698.05,2530.3,Wednesday,34,2023,NOTHING,,,,,,,,,One buy per week rule,,,,,,
267,2023-08-24,2580.0,2613.0,2531.1,2530.3,2539.55,Thursday,34,2023,NOTHING,,,,,,,,,One buy per week rule,,,,,,
268,2023-08-25,2549.0,2549.0,2486.0,2539.55,2495.75,Friday,34,2023,NOTHING,,,,,,,,,One buy per week rule,,,,,,
269,,,2722.4,2486.0,,,WEEKLY SUMMARY,34,2023,,,,,,,,,,,,,,,,
270,2023-08-28,2550.0,2582.0,2455.65,2495.75,2472.45,Monday,35,2023,BUY,1.0,2722.4,2.0,5388.35,2694.175,2855.826,2620.085,2768.265,LOWER - Buy Triggered at IRLower,,,,,,
271,2023-08-29,2472.1,2536.65,2445.0,2472.45,2506.45,Tuesday,35,2023,NOTHING,,,,,,,,,One buy per week rule,,,,,,
272,2023-08-30,2517.0,2543.0,2492.4,2506.45,2513.1,Wednesday,35,2023,NOTHING,,,,,,,,,One buy per week rule,,,,,,
273,2023-08-31,2449.95,2489.95,2383.75,2513.1,2419.25,Thursday,35,2023,NOTHING,,,,,,,,,One buy per week rule,,,,,,
274,2023-09-01,2381.0,2465.55,2380.0,2419.25,2450.05,Friday,35,2023,NOTHING,,,,,,,,,One buy per week rule,,,,,,
275,,,2582.0,2380.0,,,WEEKLY SUMMARY,35,2023,,,,,,,,,,,,,,,,
276,2023-09-04,2454.0,2480.0,2450.05,2450.05,2470.6,Monday,36,2023,BUY,1.0,2582.0,3.0,7970.35,2656.783,2816.19,2583.722,2729.845,LOWER - Buy Triggered at IRLower,,,,,,
277,2023-09-05,2482.0,2501.4,2464.0,2470.6,2494.05,Tuesday,36,2023,NOTHING,,,,,,,,,One buy per week rule,,,,,,
278,2023-09-06,2494.05,2504.0,2471.0,2494.05,2496.5,Wednesday,36,2023,NOTHING,,,,,,,,,One buy per week rule,,,,,,
279,2023-09-07,2498.0,2520.0,2485.0,2496.5,2509.5,Thursday,36,2023,NOTHING,,,,,,,,,One buy per week rule,,,,,,
280,2023-09-08,2513.8,2538.6,2506.1,2509.5,2519.3,Friday,36,2023,NOTHING,,,,,,,,,One buy per week rule,,,,,,
281,,,2538.6,2450.05,,,WEEKLY SUMMARY,36,2023,,,,,,,,,,,,,,,,
282,2023-09-11,2565.0,2630.25,2546.0,2519.3,2614.95,Monday,37,2023,BUY,1.0,2538.6,4.0,10508.95,2627.238,2784.872,2554.988,2699.487,LOWER - Buy Triggered at IRLower,,,,,,
283,2023-09-12,2622.45,2626.6,2530.0,2614.95,2535.7,Tuesday,37,2023,NOTHING,,,,,,,,,One buy per week rule,,,,,,
284,2023-09-13,2545.7,2566.95,2496.0,2535.7,2518.9,Wednesday,37,2023,NOTHING,,,,,,,,,One buy per week rule,,,,,,
285,2023-09-14,2541.85,2545.0,2506.05,2518.9,2519.8,Thursday,37,2023,NOTHING,,,,,,,,,One buy per week rule,,,,,,
286,2023-09-15,2519.8,2558.0,2514.2,2519.8,2540.05,Friday,37,2023,NOTHING,,,,,,,,,One buy per week rule,,,,,,
287,,,2630.25,2496.0,,,WEEKLY SUMMARY,37,2023,,,,,,,,,,,,,,,,
288,2023-09-18,2552.0,2555.0,2491.0,2540.05,2502.45,Monday,38,2023,BUY,1.0,2630.25,5.0,13139.2,2627.84,2785.51,2555.574,2700.106,LOWER - Buy Triggered at IRLower,,,,,,
289,2023-09-20,2502.4,2533.65,2458.9,2502.45,2470.3,Wednesday,38,2023,NOTHING,,,,,,,,,One buy per week rule,,,,,,
290,2023-09-21,2479.8,2503.8,2461.0,2470.3,2479.25,Thursday,38,2023,NOTHING,,,,,,,,,One buy per week rule,,,,,,
291,2023-09-22,2489.95,2498.0,2460.0,2479.25,2464.9,Friday,38,2023,NOTHING,,,,,,,,,One buy per week rule,,,,,,
292,,,2555.0,2458.9,,,WEEKLY SUMMARY,38,2023,,,,,,,,,,,,,,,,
293,2023-09-25,2479.95,2489.0,2424.0,2464.9,2482.1,Monday,39,2023,BUY,1.0,2555.0,6.0,15694.2,2615.7,2772.642,2543.768,2687.632,LOWER - Buy Triggered at IRLower,,,,,,
294,2023-09-26,2491.0,2499.0,2452.6,2482.1,2457.95,Tuesday,39,2023,NOTHING,,,,,,,,,One buy per week rule,,,,,,
295,2023-09-27,2460.0,2498.0,2445.1,2457.95,2483.3,Wednesday,39,2023,NOTHING,,,,,,,,,One buy per week rule,,,,,,
296,2023-09-28,2489.95,2511.0,2446.7,2483.3,2475.25,Thursday,39,2023,NOTHING,,,,,,,,,One buy per week rule,,,,,,
297,2023-09-29,2462.05,2479.55,2405.05,2475.25,2413.9,Friday,39,2023,NOTHING,,,,,,,,,One buy per week rule,,,,,,
298,,,2511.0,2405.05,,,WEEKLY SUMMARY,39,2023,,,,,,,,,,,,,,,,
